Nmae,Time
Elon,21:16:18
BILL GATES,21:18:43
ANSHYMAN,21:30:41
ANSHYMAN,21:30:41
ANSHYMAN,21:30:41
ANSHYMAN,21:30:42
ANSHYMAN,21:30:42
ANSHYMAN,21:30:44
ANSHYMAN,21:30:45
ANSHYMAN,21:30:45
ANSHYMAN,21:30:46
ANSHYMAN,21:30:46
ANSHYMAN,21:30:47
ANSHYMAN,21:30:47
ANSHYMAN,21:30:47
ANSHYMAN,21:30:48
ANSHYMAN,21:30:49
ANSHYMAN,21:30:49
ANSHYMAN,21:30:51
ANSHYMAN,21:30:52
ANSHYMAN,21:30:53
ANSHYMAN,21:30:54
ANSHYMAN,21:30:54
ANSHYMAN,21:30:55
ANSHYMAN,21:30:55
ANSHYMAN,21:30:56
ANSHYMAN,21:30:57
ANSHYMAN,21:30:58
ANSHYMAN,21:30:58
ANSHYMAN,21:31:00
ANSHYMAN,21:31:00
ANSHYMAN,21:31:01
ANSHYMAN,21:31:01
ANSHYMAN,21:31:02